,rel_param_ols,rel_param_ridge,rel_param_lasso,rel_param_enet,rel_param_adapt_lasso,rel_param_adapt_enet,rel_param_linear_boost,rel_param_linear_bagging
2011-12-23,149,149,86,100,57,95,42,149
2011-12-27,149,149,86,101,58,95,42,149
2011-12-28,149,149,86,101,57,111,41,149
2011-12-29,149,149,85,101,49,92,43,149
2011-12-30,149,149,96,99,52,92,43,149
2012-01-03,149,149,97,98,50,93,44,149
2012-01-04,149,149,98,98,52,106,42,149
2012-01-05,149,149,90,97,48,96,42,149
2012-01-06,149,149,91,99,48,112,43,149
2012-01-09,149,149,89,102,48,96,43,149
2012-01-10,149,149,89,99,50,111,42,149
2012-01-11,149,149,88,98,50,110,42,149
2012-01-12,149,149,98,100,43,111,43,149
2012-01-13,149,149,101,100,55,109,39,149
2012-01-17,149,149,98,102,45,109,39,149
2012-01-18,149,149,98,107,49,108,40,149
2012-01-19,149,149,97,103,51,93,39,149
2012-01-20,149,149,95,106,47,94,40,149
2012-01-23,149,149,98,100,47,93,40,149
2012-01-24,149,149,85,99,46,108,40,149
2012-01-25,149,149,96,99,47,108,40,149
2012-01-26,149,149,83,100,46,108,40,149
2012-01-27,149,149,84,101,46,97,40,149
2012-01-30,149,149,83,101,47,108,40,149
2012-01-31,149,149,83,102,47,108,41,149
2012-02-01,149,149,83,99,47,106,41,149
2012-02-02,149,149,82,99,47,106,41,149
2012-02-03,149,149,84,100,47,105,42,149
2012-02-06,149,149,84,97,46,105,40,149
2012-02-07,149,149,84,96,46,105,40,149
2012-02-08,149,149,80,96,46,104,41,149
2012-02-09,149,149,85,96,46,104,42,149
2012-02-10,149,149,78,96,47,103,41,149
2012-02-13,149,149,79,95,46,97,39,149
2012-02-14,149,149,79,98,45,97,41,149
2012-02-15,149,149,83,100,45,96,41,149
2012-02-16,149,149,81,101,47,106,41,149
2012-02-17,149,149,83,96,45,95,41,149
2012-02-21,149,149,81,98,62,108,42,149
2012-02-22,149,149,82,98,46,109,41,149
2012-02-23,149,149,83,96,46,110,41,149
2012-02-24,149,149,82,98,32,94,41,149
2012-02-27,149,149,82,98,32,94,41,149
2012-02-28,149,149,82,95,32,94,42,149
2012-02-29,149,149,83,95,32,108,42,149
2012-03-01,149,149,83,95,32,107,42,149
2012-03-02,149,149,83,95,31,93,42,149
2012-03-05,149,149,83,95,31,93,42,149
2012-03-06,149,149,83,95,38,93,41,149
2012-03-07,149,149,90,94,40,109,40,149
2012-03-08,149,149,79,95,39,107,41,149
2012-03-09,149,149,79,96,36,107,41,149
2012-03-12,149,149,80,96,36,94,41,149
2012-03-13,149,149,79,96,36,94,40,149
2012-03-14,149,149,80,96,37,96,40,149
2012-03-15,149,149,77,95,30,108,40,149
2012-03-16,149,149,79,97,31,109,40,149
2012-03-19,149,149,80,97,29,100,40,149
2012-03-20,149,149,80,97,29,99,40,149
2012-03-21,149,149,79,97,29,98,40,149
2012-03-22,149,149,78,96,29,106,40,149
2012-03-23,149,149,78,98,29,108,41,149
2012-03-26,149,149,78,101,29,108,42,149
2012-03-27,149,149,80,100,27,108,42,149
2012-03-28,149,149,80,97,27,108,42,149
2012-03-29,149,149,79,100,27,99,42,149
2012-03-30,149,149,80,98,27,99,41,149
2012-04-02,149,149,79,98,28,108,42,149
2012-04-03,149,149,78,97,29,107,41,149
2012-04-04,149,149,79,96,31,97,42,149
2012-04-05,149,149,79,96,30,108,42,149
2012-04-09,149,149,80,96,30,96,42,149
2012-04-10,149,149,78,97,29,94,42,149
2012-04-11,149,149,79,97,28,95,41,149
2012-04-12,149,149,79,98,26,85,41,149
2012-04-13,149,149,79,99,27,85,41,149
2012-04-16,149,149,79,99,27,84,42,149
2012-04-17,149,149,82,97,28,95,43,149
2012-04-18,149,149,81,96,28,84,43,149
2012-04-19,149,149,79,96,28,95,42,149
2012-04-20,149,149,79,96,30,94,42,149
2012-04-23,149,149,79,96,30,95,43,149
2012-04-24,149,149,79,98,30,107,41,149
2012-04-25,149,149,77,97,29,108,41,149
2012-04-26,149,149,81,97,29,96,41,149
2012-04-27,149,149,81,95,29,96,41,149
2012-04-30,149,149,77,97,29,95,41,149
2012-05-01,149,149,79,98,29,96,41,149
2012-05-02,149,149,83,99,29,106,41,149
2012-05-03,149,149,85,97,29,97,41,149
2012-05-04,149,149,85,97,30,109,42,149
2012-05-07,149,149,83,96,39,109,42,149
2012-05-08,149,149,83,99,34,97,42,149
2012-05-09,149,149,83,99,40,97,42,149
2012-05-10,149,149,83,99,39,97,42,149
2012-05-11,149,149,83,99,39,97,42,149
2012-05-14,149,149,83,99,39,97,42,149
2012-05-15,149,149,88,97,30,97,42,149
2012-05-16,149,149,88,98,28,96,43,149
2012-05-17,149,149,87,99,58,96,40,149
2012-05-18,149,149,87,97,57,96,41,149
2012-05-21,149,149,87,98,57,96,43,149
2012-05-22,149,149,87,100,57,95,42,149
2012-05-23,149,149,87,99,57,96,42,149
2012-05-24,149,149,87,99,39,97,41,149
2012-05-25,149,149,87,99,58,114,41,149
2012-05-29,149,149,87,99,55,96,43,149
2012-05-30,149,149,86,98,35,114,41,149
2012-05-31,149,149,86,99,32,98,41,149
2012-06-01,149,149,86,99,28,97,41,149
2012-06-04,149,149,85,99,30,98,40,149
2012-06-05,149,149,87,98,30,98,42,149
2012-06-06,149,149,85,98,40,96,43,149
2012-06-07,149,149,86,98,30,97,40,149
2012-06-08,149,149,88,96,29,95,41,149
2012-06-11,149,149,82,97,40,96,41,149
2012-06-12,149,149,82,96,35,96,41,149
2012-06-13,149,149,92,99,34,96,42,149
2012-06-14,149,149,93,97,35,99,43,149
2012-06-15,149,149,96,97,35,113,42,149
2012-06-18,149,149,96,97,35,99,42,149
2012-06-19,149,149,96,96,35,99,42,149
2012-06-20,149,149,81,99,35,100,42,149
2012-06-21,149,149,84,102,40,97,42,149
2012-06-22,149,149,92,96,38,96,42,149
2012-06-25,149,149,92,96,38,96,43,149
2012-06-26,149,149,80,95,38,95,43,149
2012-06-27,149,149,94,95,33,96,43,149
2012-06-28,149,149,94,96,34,98,42,149
2012-06-29,149,149,93,95,33,96,42,149
2012-07-02,149,149,94,95,39,96,42,149
2012-07-03,149,149,92,94,33,95,41,149
2012-07-05,149,149,94,95,33,95,42,149
2012-07-06,149,149,93,92,34,94,41,149
2012-07-09,149,149,91,92,34,96,41,149
2012-07-10,149,149,91,92,34,97,41,149
2012-07-11,149,149,92,92,34,96,41,149
2012-07-12,149,149,82,90,34,94,41,149
2012-07-13,149,149,81,89,33,105,40,149
2012-07-16,149,149,79,91,33,93,42,149
2012-07-17,149,149,79,90,33,94,41,149
2012-07-18,149,149,92,90,33,93,41,149
2012-07-19,149,149,76,90,33,93,41,149
2012-07-20,149,149,77,90,33,92,40,149
2012-07-23,149,149,77,90,32,92,41,149
2012-07-24,149,149,76,90,32,92,40,149
2012-07-25,149,149,77,91,32,92,40,149
2012-07-26,149,149,76,91,33,93,41,149
2012-07-27,149,149,76,90,32,93,40,149
2012-07-30,149,149,77,90,32,93,40,149
2012-07-31,149,149,77,91,32,93,41,149
2012-08-01,149,149,75,93,32,93,41,149
2012-08-02,149,149,75,93,33,93,40,149
2012-08-03,149,149,77,95,34,92,40,149
2012-08-06,149,149,77,93,32,93,42,149
2012-08-07,149,149,77,94,37,94,41,149
2012-08-08,149,149,81,97,34,92,41,149
2012-08-09,149,149,82,96,34,111,40,149
2012-08-10,149,149,79,95,49,111,39,149
2012-08-13,149,149,79,96,34,111,39,149
2012-08-14,149,149,79,95,34,110,39,149
2012-08-15,149,149,79,96,35,94,39,149
2012-08-16,149,149,78,96,35,95,39,149
2012-08-17,149,149,84,97,38,96,39,149
2012-08-20,149,149,78,97,49,93,39,149
2012-08-21,149,149,78,97,37,93,38,149
2012-08-22,149,149,78,97,49,93,39,149
2012-08-23,149,149,83,96,37,94,39,149
2012-08-24,149,149,84,96,36,94,38,149
2012-08-27,149,149,84,95,36,94,40,149
2012-08-28,149,149,85,96,36,94,40,149
2012-08-29,149,149,94,94,36,93,40,149
2012-08-30,149,149,94,98,36,93,39,149
2012-08-31,149,149,84,94,37,109,39,149
2012-09-04,149,149,82,91,37,93,40,149
2012-09-05,149,149,82,91,37,93,39,149
2012-09-06,149,149,83,91,37,94,39,149
2012-09-07,149,149,79,97,37,82,40,149
2012-09-10,149,149,81,96,36,90,44,149
2012-09-11,149,149,76,92,39,87,41,149
2012-09-12,149,149,79,90,59,92,39,149
2012-09-13,149,149,80,93,34,93,41,149
2012-09-14,149,149,81,95,38,106,38,149
2012-09-17,149,149,76,95,34,97,41,149
2012-09-18,149,149,76,95,35,95,43,149
2012-09-19,149,149,74,87,43,93,40,149
2012-09-20,149,149,74,84,42,94,41,149
2012-09-21,149,149,78,89,48,100,41,149
2012-09-24,149,149,76,92,43,113,42,149
2012-09-25,149,149,83,92,53,97,42,149
2012-09-26,149,149,80,94,52,113,43,149
2012-09-27,149,149,80,99,51,110,42,149
2012-09-28,149,149,82,96,69,115,40,149
2012-10-01,149,149,81,98,57,100,41,149
2012-10-02,149,149,72,96,50,114,40,149
2012-10-03,149,149,74,93,66,98,42,149
2012-10-04,149,149,76,94,61,111,42,149
2012-10-05,149,149,77,97,53,97,41,149
2012-10-08,149,149,76,104,51,106,43,149
2012-10-09,149,149,91,95,59,93,41,149
2012-10-10,149,149,92,95,66,92,43,149
2012-10-11,149,149,91,98,64,82,43,149
2012-10-12,149,149,91,99,65,92,41,149
2012-10-15,149,149,92,97,54,90,41,149
2012-10-16,149,149,90,101,58,95,41,149
2012-10-17,149,149,86,98,61,94,41,149
2012-10-18,149,149,88,100,59,93,41,149
2012-10-19,149,149,82,100,46,93,43,149
2012-10-22,149,149,83,102,44,91,46,149
2012-10-23,149,149,88,102,64,92,46,149
2012-10-24,149,149,87,99,55,89,46,149
2012-10-25,149,149,86,98,57,81,46,149
2012-10-26,149,149,86,98,54,111,45,149
2012-10-31,149,149,85,99,56,91,46,149
2012-11-01,149,149,85,100,58,92,46,149
2012-11-02,149,149,84,100,59,94,46,149
2012-11-05,149,149,81,100,59,111,47,149
2012-11-06,149,149,81,100,59,94,48,149
2012-11-07,149,149,82,100,58,114,47,149
2012-11-08,149,149,83,99,61,114,43,149
2012-11-09,149,149,80,99,58,98,44,149
2012-11-12,149,149,82,97,59,111,44,149
2012-11-13,149,149,83,96,65,109,46,149
2012-11-14,149,149,86,99,39,94,46,149
2012-11-15,149,149,84,98,38,110,44,149
2012-11-16,149,149,87,96,56,94,48,149
2012-11-20,149,149,81,97,57,93,47,149
2012-11-21,149,149,82,97,38,93,51,149
2012-11-23,149,149,82,99,55,96,53,149
2012-11-26,149,149,80,95,41,94,50,149
2012-11-27,149,149,79,94,52,91,52,149
2012-11-28,149,149,80,93,67,91,53,149
2012-11-29,149,149,79,98,44,91,52,149
2012-11-30,149,149,80,98,38,91,52,149
2012-12-03,149,149,80,95,65,87,54,149
2012-12-04,149,149,83,96,70,90,53,149
2012-12-05,149,149,81,95,49,90,55,149
2012-12-06,149,149,83,97,64,90,55,149
2012-12-07,149,149,81,97,64,94,54,149
2012-12-10,149,149,79,98,68,91,53,149
2012-12-11,149,149,80,95,64,90,54,149
2012-12-12,149,149,80,95,64,93,54,149
2012-12-13,149,149,81,95,57,92,51,149
2012-12-14,149,149,81,95,34,92,51,149
2012-12-17,149,149,81,99,67,94,52,149
2012-12-18,149,149,81,98,33,90,52,149
2012-12-19,149,149,81,93,19,90,52,149
2012-12-20,149,149,80,96,38,75,51,149
2012-12-21,149,149,78,95,68,76,52,149
2012-12-24,149,149,81,96,52,77,54,149
2012-12-26,149,149,80,98,55,106,52,149
2012-12-27,149,149,84,100,55,79,52,149
2012-12-28,149,149,84,98,55,109,51,149
2012-12-31,149,149,83,101,59,109,52,149
2013-01-02,149,149,83,100,42,110,51,149
2013-01-03,149,149,83,100,42,93,51,149
2013-01-04,149,149,83,100,42,109,51,149
2013-01-07,149,149,84,96,55,95,52,149
2013-01-08,149,149,85,98,55,95,52,149
2013-01-09,149,149,82,96,52,105,51,149
2013-01-10,149,149,82,94,29,93,53,149
2013-01-11,149,149,85,99,52,90,50,149
2013-01-14,149,149,83,99,52,91,50,149
2013-01-15,149,149,83,101,49,91,52,149
2013-01-16,149,149,84,100,48,89,53,149
2013-01-17,149,149,84,100,49,88,52,149
2013-01-18,149,149,86,102,61,91,51,149
2013-01-22,149,149,92,99,49,76,49,149
2013-01-23,149,149,87,101,51,76,50,149
2013-01-24,149,149,92,100,48,90,48,149
2013-01-25,149,149,90,100,55,76,49,149
2013-01-28,149,149,84,100,49,92,51,149
2013-01-29,149,149,84,100,49,77,51,149
2013-01-30,149,149,86,104,44,88,50,149
2013-01-31,149,149,87,104,44,77,50,149
2013-02-01,149,149,87,103,46,88,50,149
2013-02-04,149,149,86,100,37,77,51,149
2013-02-05,149,149,86,100,37,90,51,149
2013-02-06,149,149,86,104,37,88,50,149
2013-02-07,149,149,87,101,38,77,51,149
2013-02-08,149,149,95,101,44,89,48,149
2013-02-11,149,149,95,99,47,88,50,149
2013-02-12,149,149,97,102,42,92,48,149
2013-02-13,149,149,97,103,42,83,48,149
2013-02-14,149,149,97,101,51,88,48,149
2013-02-15,149,149,97,99,50,101,49,149
2013-02-19,149,149,87,104,52,85,48,149
2013-02-20,149,149,86,98,43,86,47,149
2013-02-21,149,149,86,100,45,86,46,149
2013-02-22,149,149,84,99,41,89,47,149
2013-02-25,149,149,88,101,41,91,51,149
2013-02-26,149,149,85,102,47,91,49,149
2013-02-27,149,149,85,101,51,92,48,149
2013-02-28,149,149,86,99,41,88,49,149
2013-03-01,149,149,85,100,41,91,51,149
2013-03-04,149,149,85,97,43,88,48,149
2013-03-05,149,149,80,101,49,89,49,149
2013-03-06,149,149,79,101,47,89,49,149
2013-03-07,149,149,83,100,41,88,49,149
2013-03-08,149,149,81,99,42,87,48,149
2013-03-11,149,149,81,101,45,88,50,149
2013-03-12,149,149,86,104,39,89,49,149
2013-03-13,149,149,86,104,48,89,48,149
2013-03-14,149,149,89,104,46,90,46,149
2013-03-15,149,149,98,106,50,81,45,149
2013-03-18,149,149,95,102,47,88,46,149
2013-03-19,149,149,97,102,61,100,47,149
2013-03-20,149,149,97,103,47,88,46,149
2013-03-21,149,149,89,103,53,90,48,149
2013-03-22,149,149,89,103,31,90,48,149
2013-03-25,149,149,91,103,49,90,50,149
2013-03-26,149,149,91,105,49,90,48,149
2013-03-27,149,149,91,104,30,91,51,149
2013-03-28,149,149,91,104,31,88,49,149
2013-04-01,149,149,91,104,31,88,49,149
2013-04-02,149,149,91,106,31,87,50,149
2013-04-03,149,149,89,105,33,87,50,149
2013-04-04,149,149,88,105,33,89,53,149
2013-04-05,149,149,88,105,33,89,53,149
2013-04-08,149,149,88,104,31,92,53,149
2013-04-09,149,149,87,105,30,89,53,149
2013-04-10,149,149,89,107,32,92,51,149
2013-04-11,149,149,89,105,43,91,51,149
2013-04-12,149,149,89,106,46,90,52,149
2013-04-15,149,149,90,107,46,91,54,149
2013-04-16,149,149,90,107,46,93,52,149
2013-04-17,149,149,89,104,44,95,54,149
2013-04-18,149,149,89,103,32,93,48,149
2013-04-19,149,149,89,104,32,94,51,149
2013-04-22,149,149,89,103,32,94,51,149
2013-04-23,149,149,82,101,37,95,52,149
2013-04-24,149,149,82,100,39,92,48,149
2013-04-25,149,149,83,101,39,92,48,149
2013-04-26,149,149,82,101,38,90,48,149
2013-04-29,149,149,82,102,36,89,48,149
2013-04-30,149,149,84,101,36,91,49,149
2013-05-01,149,149,85,100,50,91,48,149
2013-05-02,149,149,84,105,42,96,50,149
2013-05-03,149,149,86,100,46,94,49,149
2013-05-06,149,149,84,98,35,94,50,149
2013-05-07,149,149,83,98,44,93,50,149
2013-05-08,149,149,82,103,37,94,48,149
2013-05-09,149,149,83,102,44,94,49,149
2013-05-10,149,149,83,103,54,100,50,149
2013-05-13,149,149,84,100,42,100,50,149
2013-05-14,149,149,84,99,57,101,49,149
2013-05-15,149,149,83,98,36,101,48,149
2013-05-16,149,149,83,101,39,101,49,149
2013-05-17,149,149,85,98,40,102,49,149
2013-05-20,149,149,83,96,52,102,48,149
2013-05-21,149,149,83,99,53,104,48,149
2013-05-22,149,149,82,101,38,102,49,149
2013-05-23,149,149,84,99,38,101,49,149
2013-05-24,149,149,85,99,38,103,49,149
2013-05-28,149,149,83,99,40,100,50,149
2013-05-29,149,149,81,100,40,99,49,149
2013-05-30,149,149,82,98,52,99,46,149
2013-05-31,149,149,82,99,52,96,49,149
2013-06-03,149,149,84,98,44,100,52,149
2013-06-04,149,149,85,100,48,115,51,149
2013-06-05,149,149,82,97,46,116,49,149
2013-06-06,149,149,84,97,46,98,50,149
2013-06-07,149,149,84,97,46,98,49,149
2013-06-10,149,149,85,96,46,98,49,149
2013-06-11,149,149,86,98,46,100,50,149
2013-06-12,149,149,90,100,45,114,48,149
2013-06-13,149,149,88,97,53,112,46,149
2013-06-14,149,149,89,97,53,111,47,149
2013-06-17,149,149,88,98,54,111,47,149
2013-06-18,149,149,89,98,44,114,46,149
2013-06-19,149,149,87,99,48,94,47,149
2013-06-20,149,149,85,100,47,114,47,149
2013-06-21,149,149,84,93,46,110,48,149
2013-06-24,149,149,83,95,48,112,48,149
2013-06-25,149,149,83,95,45,112,49,149
2013-06-26,149,149,83,95,48,111,49,149
2013-06-27,149,149,83,95,51,95,48,149
2013-06-28,149,149,83,97,48,86,48,149
2013-07-01,149,149,84,95,51,112,47,149
2013-07-02,149,149,84,95,48,95,49,149
2013-07-03,149,149,83,94,50,94,48,149
2013-07-05,149,149,84,98,51,112,49,149
2013-07-08,149,149,83,94,49,111,49,149
2013-07-09,149,149,83,91,51,110,49,149
2013-07-10,149,149,82,95,51,96,49,149
2013-07-11,149,149,83,94,50,94,49,149
2013-07-12,149,149,83,95,48,92,49,149
2013-07-15,149,149,80,95,50,90,47,149
2013-07-16,149,149,81,94,47,109,48,149
2013-07-17,149,149,81,95,47,92,47,149
2013-07-18,149,149,81,97,48,110,48,149
2013-07-19,149,149,85,96,47,79,49,149
2013-07-22,149,149,81,96,41,92,48,149
2013-07-23,149,149,80,97,49,92,49,149
2013-07-24,149,149,79,96,52,107,51,149
2013-07-25,149,149,80,97,52,95,50,149
2013-07-26,149,149,79,96,49,109,48,149
2013-07-29,149,149,81,98,48,109,46,149
2013-07-30,149,149,81,97,51,110,46,149
2013-07-31,149,149,80,97,51,110,45,149
2013-08-01,149,149,81,100,32,111,47,149
2013-08-02,149,149,80,103,46,110,47,149
2013-08-05,149,149,86,99,47,112,48,149
2013-08-06,149,149,83,100,49,111,50,149
2013-08-07,149,149,83,100,48,112,47,149
2013-08-08,149,149,83,100,48,112,47,149
2013-08-09,149,149,81,100,52,110,47,149
2013-08-12,149,149,80,101,32,114,47,149
2013-08-13,149,149,80,101,49,94,48,149
2013-08-14,149,149,82,101,46,111,47,149
2013-08-15,149,149,82,100,34,111,48,149
2013-08-16,149,149,82,100,44,112,47,149
2013-08-19,149,149,81,100,41,111,47,149
2013-08-20,149,149,80,100,43,112,46,149
2013-08-21,149,149,81,100,43,113,46,149
2013-08-22,149,149,80,102,51,116,47,149
2013-08-23,149,149,79,101,54,115,47,149
2013-08-26,149,149,81,102,34,114,46,149
2013-08-27,149,149,80,104,63,117,47,149
2013-08-28,149,149,82,104,53,117,47,149
2013-08-29,149,149,82,104,42,116,47,149
2013-08-30,149,149,84,104,51,115,48,149
2013-09-03,149,149,82,104,54,114,46,149
2013-09-04,149,149,83,105,51,114,47,149
2013-09-05,149,149,83,106,54,114,47,149
2013-09-06,149,149,86,103,53,115,48,149
2013-09-09,149,149,85,103,54,116,48,149
2013-09-10,149,149,85,106,53,117,48,149
2013-09-11,149,149,85,103,53,115,48,149
2013-09-12,149,149,85,105,53,101,48,149
2013-09-13,149,149,84,105,46,99,48,149
2013-09-16,149,149,82,104,52,113,48,149
2013-09-17,149,149,83,104,50,112,47,149
2013-09-18,149,149,82,105,53,112,49,149
2013-09-19,149,149,81,105,36,99,49,149
2013-09-20,149,149,81,101,57,97,50,149
2013-09-23,149,149,84,101,57,113,51,149
2013-09-24,149,149,83,102,57,113,51,149
2013-09-25,149,149,82,100,58,98,48,149
2013-09-26,149,149,82,100,34,111,50,149
2013-09-27,149,149,82,100,55,110,49,149
2013-09-30,149,149,84,99,44,111,51,149
2013-10-01,149,149,83,100,44,111,49,149
2013-10-02,149,149,82,100,44,111,49,149
2013-10-03,149,149,81,101,43,94,48,149
2013-10-04,149,149,82,100,44,97,49,149
2013-10-07,149,149,82,100,44,97,52,149
2013-10-08,149,149,83,100,52,107,52,149
2013-10-09,149,149,83,98,46,106,52,149
2013-10-10,149,149,84,98,46,106,50,149
2013-10-11,149,149,85,98,29,106,51,149
2013-10-14,149,149,84,98,52,99,52,149
2013-10-15,149,149,83,98,30,99,51,149
2013-10-16,149,149,84,98,52,109,50,149
2013-10-17,149,149,81,100,31,109,49,149
2013-10-18,149,149,84,101,35,96,49,149
2013-10-21,149,149,83,98,52,94,51,149
2013-10-22,149,149,84,98,31,95,50,149
2013-10-23,149,149,83,100,67,110,49,149
2013-10-24,149,149,80,97,54,114,48,149
2013-10-25,149,149,80,95,35,109,47,149
2013-10-28,149,149,80,96,37,92,47,149
2013-10-29,149,149,81,95,36,109,48,149
2013-10-30,149,149,80,96,37,93,48,149
2013-10-31,149,149,80,96,53,93,48,149
2013-11-01,149,149,80,97,53,94,47,149
2013-11-04,149,149,81,97,54,92,47,149
2013-11-05,149,149,82,97,54,93,49,149
2013-11-06,149,149,82,97,41,109,49,149
2013-11-07,149,149,82,98,34,109,50,149
2013-11-08,149,149,81,97,41,94,49,149
2013-11-11,149,149,80,96,34,94,48,149
2013-11-12,149,149,80,96,35,111,49,149
2013-11-13,149,149,82,97,37,96,48,149
2013-11-14,149,149,83,98,37,96,48,149
2013-11-15,149,149,82,95,35,111,49,149
2013-11-18,149,149,83,97,29,111,47,149
2013-11-19,149,149,81,96,64,113,48,149
2013-11-20,149,149,81,96,32,96,48,149
2013-11-21,149,149,81,96,58,96,49,149
2013-11-22,149,149,81,97,37,98,47,149
2013-11-25,149,149,83,98,37,111,46,149
2013-11-26,149,149,81,97,44,98,46,149
2013-11-27,149,149,81,101,47,98,46,149
2013-11-29,149,149,81,103,47,98,45,149
2013-12-02,149,149,79,103,47,97,46,149
2013-12-03,149,149,79,102,42,97,47,149
2013-12-04,149,149,81,102,49,98,45,149
2013-12-05,149,149,81,99,49,96,46,149
2013-12-06,149,149,81,97,49,110,45,149
2013-12-09,149,149,79,99,49,95,46,149
2013-12-10,149,149,79,100,49,110,46,149
2013-12-11,149,149,78,98,55,95,47,149
2013-12-12,149,149,78,98,51,95,46,149
2013-12-13,149,149,78,99,52,113,47,149
2013-12-16,149,149,80,99,51,98,45,149
2013-12-17,149,149,80,99,51,112,45,149
2013-12-18,149,149,80,96,54,111,45,149
2013-12-19,149,149,80,97,54,110,43,149
2013-12-20,149,149,80,98,46,111,44,149
2013-12-23,149,149,80,98,53,111,46,149
2013-12-24,149,149,81,102,49,110,46,149
2013-12-26,149,149,80,97,50,97,46,149
2013-12-27,149,149,80,100,48,113,46,149
2013-12-30,149,149,81,103,51,114,45,149
2013-12-31,149,149,82,106,51,114,44,149
2014-01-02,149,149,81,103,51,97,45,149
2014-01-03,149,149,82,101,52,97,44,149
2014-01-06,149,149,80,103,51,111,44,149
2014-01-07,149,149,81,103,52,111,43,149
2014-01-08,149,149,82,103,56,109,45,149
2014-01-09,149,149,81,104,50,109,45,149
2014-01-10,149,149,87,101,51,108,48,149
2014-01-13,149,149,87,103,51,108,47,149
2014-01-14,149,149,80,106,53,107,48,149
2014-01-15,149,149,80,107,53,94,47,149
2014-01-16,149,149,81,105,56,109,48,149
2014-01-17,149,149,81,105,56,109,48,149
2014-01-21,149,149,80,108,53,108,50,149
2014-01-22,149,149,79,107,47,108,50,149
2014-01-23,149,149,79,109,50,108,49,149
2014-01-24,149,149,79,105,52,108,47,149
2014-01-27,149,149,79,106,52,106,49,149
2014-01-28,149,149,79,102,52,111,51,149
2014-01-29,149,149,77,100,50,110,49,149
2014-01-30,149,149,77,97,50,109,48,149
2014-01-31,149,149,76,96,51,111,49,149
2014-02-03,149,149,85,97,52,110,47,149
2014-02-04,149,149,84,96,53,92,48,149
2014-02-05,149,149,81,96,54,103,49,149
2014-02-06,149,149,83,99,51,91,47,149
2014-02-07,149,149,83,99,54,89,46,149
2014-02-10,149,149,78,98,51,90,46,149
2014-02-11,149,149,77,100,54,103,46,149
2014-02-12,149,149,81,98,47,103,47,149
2014-02-13,149,149,80,98,47,103,46,149
2014-02-14,149,149,87,99,47,103,45,149
2014-02-18,149,149,86,102,49,104,44,149
2014-02-19,149,149,82,102,54,91,42,149
2014-02-20,149,149,83,105,54,107,45,149
2014-02-21,149,149,80,101,54,105,44,149
2014-02-24,149,149,80,98,54,105,42,149
2014-02-25,149,149,79,99,57,87,47,149
2014-02-26,149,149,78,98,53,91,46,149
2014-02-27,149,149,77,98,51,106,45,149
2014-02-28,149,149,74,100,53,79,43,149
2014-03-03,149,149,76,99,53,91,44,149
2014-03-04,149,149,77,100,54,89,45,149
2014-03-05,149,149,78,103,53,90,45,149
2014-03-06,149,149,78,101,53,90,46,149
2014-03-07,149,149,79,99,53,90,46,149
2014-03-10,149,149,79,99,53,90,46,149
2014-03-11,149,149,79,101,51,104,47,149
2014-03-12,149,149,85,98,52,104,45,149
2014-03-13,149,149,87,99,52,103,47,149
2014-03-14,149,149,87,100,50,91,48,149
2014-03-17,149,149,86,100,50,90,47,149
2014-03-18,149,149,86,100,44,104,47,149
2014-03-19,149,149,78,98,55,103,46,149
2014-03-20,149,149,79,101,45,72,46,149
2014-03-21,149,149,79,100,55,80,46,149
2014-03-24,149,149,86,101,55,90,47,149
2014-03-25,149,149,86,101,55,103,48,149
2014-03-26,149,149,79,101,55,90,49,149
2014-03-27,149,149,80,98,44,91,47,149
2014-03-28,149,149,80,102,49,89,48,149
2014-03-31,149,149,81,99,52,102,49,149
2014-04-01,149,149,80,103,52,91,49,149
2014-04-02,149,149,80,103,59,103,48,149
2014-04-03,149,149,80,101,58,103,49,149
2014-04-04,149,149,81,103,58,103,50,149
2014-04-07,149,149,86,101,54,103,50,149
2014-04-08,149,149,86,104,54,101,48,149
2014-04-09,149,149,89,105,49,90,52,149
2014-04-10,149,149,83,106,44,89,50,149
2014-04-11,149,149,84,104,44,91,53,149
2014-04-14,149,149,83,104,44,104,53,149
2014-04-15,149,149,85,107,50,105,54,149
2014-04-16,149,149,84,107,50,107,54,149
2014-04-17,149,149,97,104,40,106,54,149
2014-04-21,149,149,83,107,51,92,53,149
2014-04-22,149,149,85,107,43,102,50,149
2014-04-23,149,149,83,107,43,106,53,149
2014-04-24,149,149,83,107,52,104,53,149
2014-04-25,149,149,83,108,52,105,54,149
2014-04-28,149,149,80,103,43,91,52,149
2014-04-29,149,149,82,106,43,104,48,149
2014-04-30,149,149,80,102,50,95,56,149
2014-05-01,149,149,83,102,45,107,52,149
2014-05-02,149,149,83,102,45,107,52,149
2014-05-05,149,149,81,101,45,107,52,149
2014-05-06,149,149,83,102,46,90,50,149
2014-05-07,149,149,84,101,50,104,50,149
2014-05-08,149,149,91,101,39,104,51,149
2014-05-09,149,149,93,103,40,106,51,149
2014-05-12,149,149,83,104,40,107,50,149
2014-05-13,149,149,82,102,40,88,51,149
2014-05-14,149,149,82,105,38,89,52,149
2014-05-15,149,149,84,107,38,107,51,149
2014-05-16,149,149,82,104,39,89,52,149
2014-05-19,149,149,88,110,44,106,53,149
2014-05-20,149,149,84,111,42,104,52,149
2014-05-21,149,149,84,112,42,104,49,149
2014-05-22,149,149,86,108,41,106,50,149
2014-05-23,149,149,87,111,37,88,52,149
2014-05-27,149,149,84,112,37,110,49,149
2014-05-28,149,149,87,112,39,108,50,149
2014-05-29,149,149,86,113,40,108,49,149
2014-05-30,149,149,84,107,40,107,50,149
2014-06-02,149,149,84,107,35,110,50,149
2014-06-03,149,149,82,107,40,110,47,149
2014-06-04,149,149,81,108,40,111,50,149
2014-06-05,149,149,81,107,40,112,48,149
2014-06-06,149,149,84,109,40,109,48,149
2014-06-09,149,149,82,107,37,109,48,149
2014-06-10,149,149,83,109,37,94,47,149
2014-06-11,149,149,83,108,37,110,49,149
2014-06-12,149,149,83,111,37,109,48,149
2014-06-13,149,149,84,108,39,109,48,149
2014-06-16,149,149,82,109,37,108,47,149
2014-06-17,149,149,79,108,37,112,48,149
2014-06-18,149,149,78,107,45,96,49,149
2014-06-19,149,149,80,103,39,111,49,149
2014-06-20,149,149,78,103,38,95,50,149
2014-06-23,149,149,79,103,41,109,53,149
2014-06-24,149,149,78,104,38,108,51,149
2014-06-25,149,149,78,105,38,109,51,149
2014-06-26,149,149,78,104,38,97,53,149
2014-06-27,149,149,78,105,38,109,53,149
2014-06-30,149,149,80,107,39,94,50,149
2014-07-01,149,149,78,111,41,94,50,149
2014-07-02,149,149,81,107,41,93,50,149
2014-07-03,149,149,83,106,40,109,51,149
2014-07-07,149,149,84,117,28,108,52,149
2014-07-08,149,149,83,108,42,109,50,149
2014-07-09,149,149,82,108,29,111,51,149
2014-07-10,149,149,80,107,41,110,52,149
2014-07-11,149,149,81,112,39,91,50,149
2014-07-14,149,149,85,111,43,93,51,149
2014-07-15,149,149,84,111,43,94,50,149
2014-07-16,149,149,86,119,42,111,50,149
2014-07-17,149,149,87,109,41,112,51,149
2014-07-18,149,149,87,110,40,110,51,149
2014-07-21,149,149,87,110,40,110,51,149
2014-07-22,149,149,87,110,42,99,52,149
2014-07-23,149,149,85,108,45,98,53,149
2014-07-24,149,149,86,114,28,110,52,149
2014-07-25,149,149,88,109,29,96,51,149
2014-07-28,149,149,86,109,55,106,50,149
2014-07-29,149,149,86,110,28,106,51,149
2014-07-30,149,149,87,104,29,98,48,149
2014-07-31,149,149,87,106,34,105,50,149
2014-08-01,149,149,89,107,44,106,48,149
2014-08-04,149,149,88,112,44,97,49,149
2014-08-05,149,149,88,104,39,110,49,149
2014-08-06,149,149,87,111,38,96,49,149
2014-08-07,149,149,87,106,38,111,49,149
2014-08-08,149,149,85,112,41,112,51,149
2014-08-11,149,149,85,106,38,112,53,149
2014-08-12,149,149,87,109,41,112,50,149
2014-08-13,149,149,86,108,41,112,51,149
2014-08-14,149,149,84,107,41,110,50,149
2014-08-15,149,149,85,106,40,114,50,149
2014-08-18,149,149,85,106,39,115,48,149
2014-08-19,149,149,86,105,40,118,50,149
2014-08-20,149,149,86,106,39,118,50,149
2014-08-21,149,149,85,107,41,116,50,149
2014-08-22,149,149,85,106,41,116,49,149
2014-08-25,149,149,86,107,40,119,52,149
2014-08-26,149,149,86,107,42,119,50,149
2014-08-27,149,149,87,107,42,118,51,149
2014-08-28,149,149,87,108,42,99,50,149
2014-08-29,149,149,93,109,42,118,50,149
2014-09-02,149,149,86,109,42,119,50,149
2014-09-03,149,149,86,107,42,119,50,149
2014-09-04,149,149,87,106,43,119,49,149
2014-09-05,149,149,93,106,42,117,50,149
2014-09-08,149,149,87,107,42,117,50,149
2014-09-09,149,149,87,107,43,99,49,149
2014-09-10,149,149,87,106,43,119,51,149
2014-09-11,149,149,87,106,43,102,49,149
2014-09-12,149,149,87,106,43,119,50,149
2014-09-15,149,149,87,106,43,119,49,149
2014-09-16,149,149,87,107,43,99,49,149
2014-09-17,149,149,88,107,41,119,51,149
2014-09-18,149,149,88,108,41,98,52,149
2014-09-19,149,149,89,108,41,99,51,149
2014-09-22,149,149,87,107,43,96,50,149
2014-09-23,149,149,88,107,43,117,50,149
2014-09-24,149,149,88,109,43,116,48,149
2014-09-25,149,149,89,108,43,116,49,149
2014-09-26,149,149,88,106,42,114,49,149
2014-09-29,149,149,87,107,46,111,48,149
2014-09-30,149,149,88,111,44,110,49,149
2014-10-01,149,149,84,106,44,111,49,149
2014-10-02,149,149,84,109,28,111,52,149
2014-10-03,149,149,84,109,28,111,53,149
2014-10-06,149,149,84,109,28,112,54,149
2014-10-07,149,149,84,105,29,110,53,149
2014-10-08,149,149,88,106,33,110,49,149
2014-10-09,149,149,81,105,33,111,52,149
2014-10-10,149,149,84,104,33,111,52,149
2014-10-13,149,149,82,108,30,111,51,149
2014-10-14,149,149,86,108,42,116,50,149
2014-10-15,149,149,88,109,57,118,53,149
2014-10-16,149,149,87,109,58,114,54,149
2014-10-17,149,149,86,108,58,110,53,149
2014-10-20,149,149,87,110,62,111,52,149
2014-10-21,149,149,85,111,30,111,55,149
2014-10-22,149,149,85,107,33,109,55,149
2014-10-23,149,149,87,110,47,100,54,149
2014-10-24,149,149,87,116,55,114,54,149
2014-10-27,149,149,90,110,51,116,54,149
2014-10-28,149,149,89,110,55,115,53,149
2014-10-29,149,149,89,116,52,115,51,149
2014-10-30,149,149,89,116,52,114,52,149
2014-10-31,149,149,88,117,52,96,54,149
2014-11-03,149,149,88,113,50,95,50,149
2014-11-04,149,149,87,109,34,115,52,149
2014-11-05,149,149,86,109,35,95,51,149
2014-11-06,149,149,85,106,31,97,52,149
2014-11-07,149,149,85,107,31,97,52,149
2014-11-10,149,149,85,109,34,112,54,149
2014-11-11,149,149,88,108,32,96,52,149
2014-11-12,149,149,86,108,67,112,52,149
2014-11-13,149,149,85,109,64,114,51,149
2014-11-14,149,149,88,108,63,113,54,149
2014-11-17,149,149,86,108,63,96,53,149
2014-11-18,149,149,90,113,63,111,52,149
2014-11-19,149,149,90,113,52,111,52,149
2014-11-20,149,149,89,110,46,94,52,149
2014-11-21,149,149,85,110,45,111,53,149
2014-11-24,149,149,89,109,38,111,54,149
2014-11-25,149,149,89,108,47,110,53,149
2014-11-26,149,149,88,107,68,97,53,149
2014-11-28,149,149,84,109,49,111,53,149
2014-12-01,149,149,84,109,52,111,50,149
2014-12-02,149,149,83,110,52,109,51,149
2014-12-03,149,149,84,110,56,95,51,149
2014-12-04,149,149,83,110,69,110,52,149
2014-12-05,149,149,84,109,52,109,53,149
2014-12-08,149,149,85,110,52,109,53,149
2014-12-09,149,149,84,110,55,112,51,149
2014-12-10,149,149,87,114,67,111,52,149
2014-12-11,149,149,83,107,55,112,50,149
2014-12-12,149,149,83,110,45,114,48,149
2014-12-15,149,149,87,112,39,111,52,149
2014-12-16,149,149,91,112,42,112,53,149
2014-12-17,149,149,89,108,47,114,52,149
2014-12-18,149,149,88,118,46,111,52,149
2014-12-19,149,149,91,120,46,112,52,149
2014-12-22,149,149,86,110,46,111,51,149
2014-12-23,149,149,88,109,46,111,51,149
2014-12-24,149,149,89,113,45,110,50,149
2014-12-26,149,149,87,113,45,107,49,149
2014-12-29,149,149,91,114,47,92,51,149
2014-12-30,149,149,86,114,46,106,51,149
2014-12-31,149,149,88,114,47,108,50,149
2015-01-02,149,149,84,112,49,111,53,149
2015-01-05,149,149,87,119,47,110,53,149
2015-01-06,149,149,90,112,47,107,55,149
2015-01-07,149,149,88,111,47,107,55,149
2015-01-08,149,149,91,112,47,110,55,149
2015-01-09,149,149,88,109,53,109,54,149
2015-01-12,149,149,89,110,51,111,54,149
2015-01-13,149,149,87,113,51,110,54,149
2015-01-14,149,149,90,107,51,113,55,149
2015-01-15,149,149,86,111,49,113,55,149
2015-01-16,149,149,84,109,52,113,52,149
2015-01-20,149,149,85,118,52,114,53,149
2015-01-21,149,149,85,109,60,87,55,149
2015-01-22,149,149,84,118,49,113,54,149
2015-01-23,149,149,83,108,59,111,53,149
2015-01-26,149,149,85,104,51,111,54,149
2015-01-27,149,149,84,109,52,113,53,149
2015-01-28,149,149,84,110,53,101,53,149
2015-01-29,149,149,84,106,52,111,51,149
2015-01-30,149,149,83,115,51,111,50,149
2015-02-02,149,149,83,106,51,110,49,149
2015-02-03,149,149,83,109,52,110,49,149
2015-02-04,149,149,84,112,52,99,50,149
2015-02-05,149,149,86,112,52,98,49,149
2015-02-06,149,149,87,115,55,109,49,149
2015-02-09,149,149,87,113,55,110,49,149
2015-02-10,149,149,84,105,53,110,50,149
2015-02-11,149,149,84,105,56,90,50,149
2015-02-12,149,149,84,103,53,98,50,149
2015-02-13,149,149,85,108,56,110,50,149
2015-02-17,149,149,87,106,56,109,51,149
2015-02-18,149,149,83,106,53,102,52,149
2015-02-19,149,149,81,109,54,111,53,149
2015-02-20,149,149,81,109,54,97,53,149
2015-02-23,149,149,80,106,58,111,53,149
2015-02-24,149,149,81,106,55,112,54,149
2015-02-25,149,149,84,104,59,112,53,149
2015-02-26,149,149,82,105,55,102,53,149
2015-02-27,149,149,83,102,59,112,53,149
2015-03-02,149,149,83,105,55,113,53,149
2015-03-03,149,149,83,101,60,111,53,149
2015-03-04,149,149,83,100,60,99,53,149
2015-03-05,149,149,83,101,64,108,52,149
2015-03-06,149,149,84,111,64,109,55,149
2015-03-09,149,149,85,104,64,107,51,149
2015-03-10,149,149,84,103,56,98,53,149
2015-03-11,149,149,84,103,56,98,51,149
2015-03-12,149,149,84,112,64,96,53,149
2015-03-13,149,149,82,106,64,96,54,149
2015-03-16,149,149,82,107,64,110,52,149
2015-03-17,149,149,82,107,64,110,52,149
2015-03-18,149,149,82,103,69,111,54,149
2015-03-19,149,149,81,109,73,108,54,149
2015-03-20,149,149,82,111,70,111,54,149
2015-03-23,149,149,83,107,13,111,52,149
2015-03-24,149,149,82,105,14,111,54,149
2015-03-25,149,149,83,105,14,111,53,149
2015-03-26,149,149,83,105,74,111,54,149
2015-03-27,149,149,84,102,74,110,52,149
2015-03-30,149,149,84,104,64,111,51,149
2015-03-31,149,149,83,111,69,114,52,149
2015-04-01,149,149,83,111,70,100,52,149
2015-04-02,149,149,84,107,70,114,51,149
2015-04-06,149,149,83,111,69,114,51,149
2015-04-07,149,149,83,103,69,115,51,149
2015-04-08,149,149,83,111,70,97,51,149
2015-04-09,149,149,82,103,60,112,51,149
2015-04-10,149,149,85,104,60,110,52,149
2015-04-13,149,149,83,103,69,99,52,149
2015-04-14,149,149,83,100,64,111,50,149
2015-04-15,149,149,83,102,32,111,51,149
2015-04-16,149,149,87,103,30,110,50,149
2015-04-17,149,149,87,104,31,113,53,149
2015-04-20,149,149,86,104,28,98,50,149
2015-04-21,149,149,86,101,55,111,51,149
2015-04-22,149,149,91,103,29,97,51,149
2015-04-23,149,149,91,103,27,113,51,149
2015-04-24,149,149,89,108,28,98,51,149
2015-04-27,149,149,92,106,28,98,50,149
2015-04-28,149,149,87,104,51,98,49,149
2015-04-29,149,149,88,109,51,108,50,149
2015-04-30,149,149,88,109,54,107,48,149
2015-05-01,149,149,88,110,26,107,47,149
2015-05-04,149,149,87,111,57,97,49,149
2015-05-05,149,149,87,105,50,109,50,149
2015-05-06,149,149,87,103,58,112,49,149
2015-05-07,149,149,87,103,58,113,49,149
2015-05-08,149,149,89,103,32,114,52,149
2015-05-11,149,149,85,101,52,114,50,149
2015-05-12,149,149,86,103,47,92,51,149
2015-05-13,149,149,85,101,48,93,50,149
2015-05-14,149,149,84,104,48,117,50,149
2015-05-15,149,149,84,105,50,117,50,149
2015-05-18,149,149,87,106,50,117,49,149
2015-05-19,149,149,86,107,51,117,49,149
2015-05-20,149,149,86,107,52,114,49,149
2015-05-21,149,149,86,106,54,115,49,149
2015-05-22,149,149,85,106,52,97,50,149
2015-05-26,149,149,85,105,54,115,49,149
2015-05-27,149,149,85,108,51,116,50,149
2015-05-28,149,149,85,106,51,116,50,149
2015-05-29,149,149,85,106,54,97,48,149
2015-06-01,149,149,85,106,55,98,50,149
2015-06-02,149,149,85,106,55,98,49,149
2015-06-03,149,149,86,107,41,117,49,149
2015-06-04,149,149,85,103,42,115,49,149
2015-06-05,149,149,84,106,44,115,47,149
2015-06-08,149,149,84,107,51,116,46,149
2015-06-09,149,149,84,112,52,116,48,149
2015-06-10,149,149,84,113,57,116,48,149
2015-06-11,149,149,85,110,57,116,46,149
2015-06-12,149,149,84,109,57,117,48,149
2015-06-15,149,149,84,109,58,116,47,149
2015-06-16,149,149,83,105,34,114,49,149
2015-06-17,149,149,84,114,64,112,49,149
2015-06-18,149,149,84,109,24,112,47,149
2015-06-19,149,149,86,108,49,111,46,149
2015-06-22,149,149,85,109,46,99,48,149
2015-06-23,149,149,86,110,33,113,49,149
2015-06-24,149,149,86,108,33,114,49,149
2015-06-25,149,149,86,110,33,114,49,149
2015-06-26,149,149,86,110,33,99,49,149
2015-06-29,149,149,86,115,33,113,49,149
2015-06-30,149,149,85,108,29,113,48,149
2015-07-01,149,149,85,106,28,113,48,149
2015-07-02,149,149,85,107,28,112,48,149
2015-07-06,149,149,85,106,31,112,48,149
2015-07-07,149,149,82,105,30,98,48,149
2015-07-08,149,149,82,105,38,109,48,149
2015-07-09,149,149,84,104,38,110,49,149
2015-07-10,149,149,84,105,38,111,49,149
2015-07-13,149,149,83,105,38,112,47,149
2015-07-14,149,149,86,109,28,110,49,149
2015-07-15,149,149,84,103,28,109,49,149
2015-07-16,149,149,86,102,32,108,50,149
2015-07-17,149,149,85,99,52,110,49,149
2015-07-20,149,149,82,101,23,111,50,149
2015-07-21,149,149,82,99,23,114,49,149
2015-07-22,149,149,81,102,28,113,49,149
2015-07-23,149,149,88,102,24,113,49,149
2015-07-24,149,149,84,102,24,112,49,149
2015-07-27,149,149,81,101,21,114,48,149
2015-07-28,149,149,82,101,46,113,48,149
2015-07-29,149,149,79,98,24,117,50,149
2015-07-30,149,149,86,102,63,115,49,149
2015-07-31,149,149,83,106,21,116,49,149
2015-08-03,149,149,88,117,9,118,50,149
2015-08-04,149,149,88,116,16,119,59,149
2015-08-05,149,149,90,106,14,117,55,149
2015-08-06,149,149,88,105,14,116,49,149
2015-08-07,149,149,87,105,12,117,48,149
2015-08-10,149,149,85,106,13,116,48,149
2015-08-11,149,149,87,109,15,116,55,149
2015-08-12,149,149,86,103,14,122,52,149
2015-08-13,149,149,89,107,16,124,51,149
2015-08-14,149,149,89,104,13,124,54,149
2015-08-17,149,149,88,107,14,124,57,149
2015-08-18,149,149,90,106,14,121,52,149
2015-08-19,149,149,88,103,14,123,56,149
2015-08-20,149,149,90,117,15,117,51,149
2015-08-21,149,149,90,106,9,119,56,149
2015-08-24,149,149,91,112,9,117,57,149
2015-08-25,149,149,86,109,24,117,51,149
2015-08-26,149,149,77,98,11,115,47,149
2015-08-27,149,149,79,100,28,121,48,149
2015-08-28,149,149,78,104,10,118,47,149
2015-08-31,149,149,77,101,59,120,46,149
2015-09-01,149,149,80,100,58,120,47,149
2015-09-02,149,149,81,101,58,120,48,149
2015-09-03,149,149,80,102,59,123,47,149
2015-09-04,149,149,80,101,22,122,48,149
2015-09-08,149,149,80,101,16,121,50,149
2015-09-09,149,149,79,102,15,122,48,149
2015-09-10,149,149,76,100,23,118,49,149
2015-09-11,149,149,77,100,23,118,49,149
2015-09-14,149,149,80,99,68,117,51,149
2015-09-15,149,149,75,98,21,121,49,149
2015-09-16,149,149,77,98,28,117,47,149
2015-09-17,149,149,78,97,51,116,49,149
2015-09-18,149,149,77,97,51,115,48,149
2015-09-21,149,149,77,97,55,115,48,149
2015-09-22,149,149,80,99,56,116,50,149
2015-09-23,149,149,80,101,56,116,50,149
2015-09-24,149,149,81,101,52,117,53,149
2015-09-25,149,149,79,102,55,116,50,149
2015-09-28,149,149,79,100,24,118,50,149
2015-09-29,149,149,77,101,57,116,49,149
2015-09-30,149,149,77,101,55,116,48,149
2015-10-01,149,149,78,99,57,117,49,149
2015-10-02,149,149,77,100,57,117,51,149
2015-10-05,149,149,79,100,59,118,50,149
2015-10-06,149,149,78,102,60,118,50,149
2015-10-07,149,149,78,100,60,118,50,149
2015-10-08,149,149,76,100,53,116,51,149
2015-10-09,149,149,78,101,47,117,51,149
2015-10-12,149,149,77,100,54,117,50,149
2015-10-13,149,149,77,100,54,119,50,149
2015-10-14,149,149,75,100,14,117,50,149
2015-10-15,149,149,75,99,53,120,47,149
2015-10-16,149,149,78,99,50,119,50,149
2015-10-19,149,149,75,99,55,118,48,149
2015-10-20,149,149,75,101,54,119,48,149
2015-10-21,149,149,75,97,55,116,48,149
2015-10-22,149,149,75,99,50,116,50,149
2015-10-23,149,149,78,96,52,117,50,149
2015-10-26,149,149,79,98,46,117,50,149
2015-10-27,149,149,79,97,53,116,50,149
2015-10-28,149,149,79,102,49,115,51,149
2015-10-29,149,149,79,99,11,114,50,149
2015-10-30,149,149,80,99,10,116,50,149
2015-11-02,149,149,80,97,11,116,48,149
2015-11-03,149,149,80,97,44,117,49,149
2015-11-04,149,149,76,97,13,114,50,149
2015-11-05,149,149,76,97,13,113,49,149
2015-11-06,149,149,77,98,21,113,49,149
2015-11-09,149,149,77,100,21,112,47,149
2015-11-10,149,149,81,98,23,115,47,149
2015-11-11,149,149,80,100,17,113,45,149
2015-11-12,149,149,83,98,22,112,44,149
2015-11-13,149,149,83,97,17,113,45,149
2015-11-16,149,149,83,97,15,114,45,149
2015-11-17,149,149,81,98,31,115,44,149
2015-11-18,149,149,79,97,9,115,43,149
2015-11-19,149,149,83,99,18,116,46,149
2015-11-20,149,149,82,100,19,118,45,149
2015-11-23,149,149,83,103,17,113,44,149
2015-11-24,149,149,83,101,18,114,44,149
2015-11-25,149,149,81,102,17,113,45,149
2015-11-27,149,149,82,103,17,114,45,149
2015-11-30,149,149,82,101,17,114,45,149
2015-12-01,149,149,81,103,12,113,42,149
2015-12-02,149,149,83,104,10,111,43,149
2015-12-03,149,149,82,103,11,111,44,149
2015-12-04,149,149,83,103,11,118,44,149
2015-12-07,149,149,82,103,29,118,42,149
2015-12-08,149,149,81,103,25,118,47,149
2015-12-09,149,149,79,104,9,117,43,149
2015-12-10,149,149,79,104,16,117,44,149
2015-12-11,149,149,78,103,14,115,45,149
2015-12-14,149,149,76,102,14,116,45,149
2015-12-15,149,149,79,99,15,118,45,149
2015-12-16,149,149,79,100,13,118,44,149
2015-12-17,149,149,79,99,13,118,44,149
2015-12-18,149,149,79,100,15,118,44,149
2015-12-21,149,149,78,97,15,118,46,149
2015-12-22,149,149,78,97,15,118,46,149
2015-12-23,149,149,79,100,13,117,46,149
2015-12-24,149,149,82,99,14,118,42,149
2015-12-28,149,149,82,101,13,117,45,149
2015-12-29,149,149,84,98,13,116,44,149
2015-12-30,149,149,84,98,14,116,43,149
2015-12-31,149,149,84,100,14,116,43,149
2016-01-04,149,149,84,98,14,117,44,149
2016-01-05,149,149,84,98,14,118,44,149
2016-01-06,149,149,82,101,14,119,44,149
2016-01-07,149,149,80,102,14,117,46,149
2016-01-08,149,149,83,104,14,118,45,149
2016-01-11,149,149,82,102,14,119,45,149
2016-01-12,149,149,82,101,23,115,45,149
2016-01-13,149,149,83,101,21,114,45,149
2016-01-14,149,149,83,104,21,115,45,149
2016-01-15,149,149,83,103,9,114,46,149
2016-01-19,149,149,82,101,9,114,46,149
2016-01-20,149,149,84,102,10,115,48,149
2016-01-21,149,149,78,98,11,112,49,149
2016-01-22,149,149,86,102,35,112,50,149
2016-01-25,149,149,82,100,55,111,49,149
2016-01-26,149,149,81,102,53,109,48,149
2016-01-27,149,149,78,101,55,97,47,149
2016-01-28,149,149,79,110,52,108,50,149
2016-01-29,149,149,80,99,55,106,50,149
2016-02-01,149,149,80,99,55,97,52,149
2016-02-02,149,149,79,98,55,97,51,149
2016-02-03,149,149,81,102,12,81,50,149
2016-02-04,149,149,79,101,12,105,48,149
2016-02-05,149,149,81,101,12,103,52,149
2016-02-08,149,149,79,107,12,104,53,149
2016-02-09,149,149,82,103,13,109,51,149
2016-02-10,149,149,85,102,53,98,47,149
2016-02-11,149,149,85,102,13,106,49,149
2016-02-12,149,149,86,100,14,97,49,149
2016-02-16,149,149,84,100,14,105,50,149
2016-02-17,149,149,88,98,13,95,49,149
2016-02-18,149,149,85,98,13,95,49,149
2016-02-19,149,149,83,99,13,105,51,149
2016-02-22,149,149,82,100,13,105,50,149
2016-02-23,149,149,81,100,13,107,50,149
2016-02-24,149,149,81,97,13,96,50,149
2016-02-25,149,149,81,98,20,71,50,149
2016-02-26,149,149,81,99,13,108,50,149
2016-02-29,149,149,81,99,13,93,50,149
2016-03-01,149,149,81,97,14,93,50,149
2016-03-02,149,149,81,97,14,106,50,149
2016-03-03,149,149,82,102,14,105,50,149
2016-03-04,149,149,82,102,14,105,50,149
2016-03-07,149,149,81,97,30,93,50,149
2016-03-08,149,149,80,97,14,105,50,149
2016-03-09,149,149,79,100,19,105,48,149
2016-03-10,149,149,78,96,25,105,49,149
2016-03-11,149,149,79,96,16,93,46,149
2016-03-14,149,149,79,99,16,103,47,149
2016-03-15,149,149,79,98,15,103,47,149
2016-03-16,149,149,80,97,17,92,47,149
2016-03-17,149,149,78,96,18,105,47,149
2016-03-21,149,149,80,97,17,107,46,149
2016-03-22,149,149,81,98,17,92,46,149
2016-03-23,149,149,79,98,17,93,46,149
2016-03-24,149,149,79,98,17,94,45,149
2016-03-28,149,149,79,98,17,94,45,149
2016-03-29,149,149,81,98,17,96,47,149
2016-03-30,149,149,79,98,17,94,47,149
2016-03-31,149,149,81,98,17,106,47,149
2016-04-01,149,149,81,99,17,105,47,149
2016-04-04,149,149,81,99,17,94,47,149
2016-04-05,149,149,79,99,17,106,47,149
2016-04-06,149,149,78,98,18,106,47,149
2016-04-07,149,149,80,98,18,93,49,149
2016-04-08,149,149,79,98,17,106,47,149
2016-04-11,149,149,80,100,17,107,50,149
2016-04-12,149,149,80,100,17,107,49,149
2016-04-13,149,149,78,99,29,105,48,149
2016-04-14,149,149,79,99,29,106,49,149
2016-04-15,149,149,78,98,26,108,49,149
2016-04-18,149,149,78,99,16,88,48,149
2016-04-19,149,149,78,98,21,107,49,149
2016-04-20,149,149,80,98,14,106,49,149
2016-04-21,149,149,80,98,34,107,48,149
2016-04-22,149,149,80,99,33,91,48,149
2016-04-25,149,149,81,101,32,107,48,149
2016-04-26,149,149,81,107,42,106,47,149
2016-04-27,149,149,81,100,28,88,47,149
2016-04-28,149,149,84,99,27,102,48,149
2016-04-29,149,149,80,98,27,90,48,149
2016-05-02,149,149,80,99,27,105,48,149
2016-05-03,149,149,81,99,27,90,49,149
2016-05-04,149,149,82,98,29,103,49,149
2016-05-05,149,149,82,100,29,104,49,149
2016-05-06,149,149,81,108,29,102,48,149
2016-05-09,149,149,81,98,28,101,48,149
2016-05-10,149,149,82,108,13,102,49,149
2016-05-11,149,149,82,96,13,102,49,149
2016-05-12,149,149,81,95,27,91,50,149
2016-05-13,149,149,85,96,25,93,48,149
2016-05-16,149,149,83,96,25,92,49,149
2016-05-17,149,149,84,95,24,94,49,149
2016-05-18,149,149,85,97,26,104,47,149
2016-05-19,149,149,83,98,21,92,50,149
2016-05-20,149,149,83,109,23,104,46,149
2016-05-23,149,149,80,102,25,105,46,149
2016-05-24,149,149,80,96,24,91,48,149
2016-05-25,149,149,81,96,24,91,46,149
2016-05-26,149,149,79,96,24,92,46,149
2016-05-27,149,149,79,94,19,80,47,149
2016-05-31,149,149,79,95,19,83,47,149
2016-06-01,149,149,79,94,24,81,45,149
2016-06-02,149,149,80,94,20,95,47,149
2016-06-03,149,149,81,95,20,80,47,149
2016-06-06,149,149,79,95,20,106,45,149
2016-06-07,149,149,80,94,26,96,46,149
2016-06-08,149,149,77,96,28,70,48,149
2016-06-09,149,149,77,96,26,92,46,149
2016-06-10,149,149,77,96,30,105,46,149
2016-06-13,149,149,77,97,29,107,47,149
2016-06-14,149,149,76,97,29,107,47,149
2016-06-15,149,149,77,96,29,109,45,149
2016-06-16,149,149,79,98,27,105,49,149
2016-06-17,149,149,80,98,27,105,49,149
2016-06-20,149,149,77,98,27,105,49,149
2016-06-21,149,149,78,98,29,105,49,149
2016-06-22,149,149,77,97,28,105,46,149
2016-06-23,149,149,76,95,27,105,47,149
2016-06-24,149,149,75,97,29,106,47,149
2016-06-27,149,149,77,93,27,107,48,149
2016-06-28,149,149,77,95,28,107,48,149
2016-06-29,149,149,75,96,28,107,48,149
2016-06-30,149,149,77,105,25,107,48,149
2016-07-01,149,149,77,100,25,105,48,149
2016-07-05,149,149,77,93,25,106,47,149
2016-07-06,149,149,76,94,21,106,46,149
2016-07-07,149,149,76,94,25,106,46,149
2016-07-08,149,149,75,95,25,106,48,149
2016-07-11,149,149,75,94,25,107,45,149
2016-07-12,149,149,74,96,25,92,48,149
2016-07-13,149,149,74,98,23,107,48,149
2016-07-14,149,149,75,93,24,104,47,149
2016-07-15,149,149,73,94,23,77,45,149
2016-07-18,149,149,74,92,24,105,44,149
2016-07-19,149,149,75,93,24,104,44,149
2016-07-20,149,149,74,102,34,79,42,149
2016-07-21,149,149,74,101,36,78,45,149
2016-07-22,149,149,73,101,36,105,43,149
2016-07-25,149,149,73,100,44,90,47,149
2016-07-26,149,149,74,101,44,103,43,149
2016-07-27,149,149,74,100,36,78,45,149
2016-07-28,149,149,74,100,27,101,46,149
2016-07-29,149,149,73,103,38,90,46,149
2016-08-01,149,149,73,104,38,91,47,149
2016-08-02,149,149,75,105,39,100,43,149
2016-08-03,149,149,73,106,44,104,45,149
2016-08-04,149,149,73,105,51,104,44,149
2016-08-05,149,149,72,107,51,79,47,149
2016-08-08,149,149,73,105,20,103,45,149
2016-08-09,149,149,75,110,40,103,44,149
2016-08-10,149,149,75,105,42,105,44,149
2016-08-11,149,149,75,113,40,105,46,149
2016-08-12,149,149,76,114,39,105,47,149
2016-08-15,149,149,78,114,42,105,48,149
2016-08-16,149,149,77,114,42,90,48,149
2016-08-17,149,149,78,113,42,76,47,149
2016-08-18,149,149,76,112,42,104,47,149
2016-08-19,149,149,75,111,42,91,46,149
2016-08-22,149,149,75,112,28,105,50,149
2016-08-23,149,149,78,111,25,105,46,149
2016-08-24,149,149,78,111,25,107,47,149
2016-08-25,149,149,76,110,37,106,50,149
2016-08-26,149,149,78,109,38,108,49,149
2016-08-29,149,149,76,110,33,107,47,149
2016-08-30,149,149,75,110,35,108,48,149
2016-08-31,149,149,77,108,35,106,49,149
2016-09-01,149,149,76,112,36,107,49,149
2016-09-02,149,149,76,113,35,108,50,149
2016-09-06,149,149,76,113,35,108,50,149
2016-09-07,149,149,75,106,37,106,48,149
2016-09-08,149,149,75,105,36,90,48,149
2016-09-09,149,149,75,104,37,102,47,149
2016-09-12,149,149,72,108,37,103,49,149
2016-09-13,149,149,73,103,35,87,48,149
2016-09-14,149,149,74,103,34,88,48,149
2016-09-15,149,149,71,100,35,89,49,149
2016-09-16,149,149,72,97,35,88,49,149
2016-09-19,149,149,72,101,37,104,50,149
2016-09-20,149,149,72,100,40,104,49,149
2016-09-21,149,149,72,101,37,105,49,149
2016-09-22,149,149,72,103,37,86,49,149
2016-09-23,149,149,75,104,36,106,49,149
2016-09-26,149,149,75,104,36,106,49,149
2016-09-27,149,149,74,105,35,87,49,149
2016-09-28,149,149,76,104,35,106,49,149
2016-09-29,149,149,75,108,36,89,49,149
2016-09-30,149,149,76,110,34,88,48,149
2016-10-03,149,149,76,111,34,106,49,149
2016-10-04,149,149,76,111,39,108,49,149
2016-10-05,149,149,76,106,39,107,48,149
2016-10-06,149,149,76,109,39,107,47,149
2016-10-07,149,149,73,104,35,106,48,149
2016-10-10,149,149,75,100,37,91,46,149
2016-10-11,149,149,76,99,35,83,49,149
2016-10-12,149,149,76,100,34,81,50,149
2016-10-13,149,149,77,103,34,106,51,149
2016-10-14,149,149,77,101,34,107,49,149
2016-10-17,149,149,77,101,34,106,48,149
2016-10-18,149,149,77,106,35,103,49,149
2016-10-19,149,149,76,103,35,102,49,149
2016-10-20,149,149,78,112,33,105,47,149
2016-10-21,149,149,78,106,33,90,48,149
2016-10-24,149,149,77,108,33,106,48,149
2016-10-25,149,149,77,111,38,92,48,149
2016-10-26,149,149,76,106,38,106,49,149
2016-10-27,149,149,76,105,38,108,46,149
2016-10-28,149,149,77,107,38,110,49,149
2016-10-31,149,149,77,111,38,110,48,149
2016-11-01,149,149,79,113,39,109,47,149
2016-11-02,149,149,82,112,38,110,47,149
2016-11-03,149,149,78,105,39,109,48,149
2016-11-04,149,149,78,105,34,110,48,149
2016-11-07,149,149,80,109,36,110,49,149
2016-11-08,149,149,81,109,35,112,46,149
2016-11-09,149,149,78,108,36,110,46,149
2016-11-10,149,149,78,108,40,109,46,149
2016-11-11,149,149,78,106,33,108,45,149
2016-11-14,149,149,80,101,40,109,45,149
2016-11-15,149,149,78,108,40,110,45,149
2016-11-16,149,149,77,101,41,108,46,149
2016-11-17,149,149,75,101,40,106,45,149
2016-11-18,149,149,75,101,41,107,45,149
2016-11-21,149,149,76,99,41,104,46,149
2016-11-22,149,149,75,99,41,105,44,149
2016-11-23,149,149,74,101,40,106,46,149
2016-11-25,149,149,74,100,42,108,45,149
2016-11-28,149,149,74,99,41,108,44,149
2016-11-29,149,149,74,100,42,108,44,149
2016-11-30,149,149,74,100,39,108,43,149
2016-12-01,149,149,74,100,42,107,44,149
2016-12-02,149,149,74,100,41,108,43,149
2016-12-05,149,149,74,101,41,107,44,149
2016-12-06,149,149,74,101,41,92,43,149
2016-12-07,149,149,75,101,41,108,44,149
2016-12-08,149,149,75,100,41,108,44,149
2016-12-09,149,149,75,102,41,91,44,149
2016-12-12,149,149,75,105,42,109,44,149
2016-12-13,149,149,74,100,43,112,44,149
2016-12-14,149,149,74,102,45,108,44,149
2016-12-15,149,149,73,100,44,107,46,149
2016-12-16,149,149,73,98,44,109,45,149
2016-12-19,149,149,74,98,46,108,44,149
2016-12-20,149,149,74,105,46,109,44,149
2016-12-21,149,149,74,101,45,109,43,149
2016-12-22,149,149,74,98,43,110,43,149
2016-12-23,149,149,74,99,32,111,42,149
2016-12-27,149,149,75,99,32,95,43,149
2016-12-28,149,149,75,100,32,112,43,149
2016-12-29,149,149,75,100,35,111,43,149
2016-12-30,149,149,75,100,35,113,43,149
2017-01-03,149,149,74,99,34,112,42,149
2017-01-04,149,149,76,101,38,112,43,149
2017-01-05,149,149,76,102,35,115,43,149
2017-01-06,149,149,77,101,41,115,44,149
2017-01-09,149,149,74,98,39,115,44,149
2017-01-10,149,149,74,98,39,115,45,149
2017-01-11,149,149,74,99,41,99,45,149
2017-01-12,149,149,74,99,43,98,44,149
2017-01-13,149,149,74,99,43,114,45,149
2017-01-17,149,149,74,99,42,96,45,149
2017-01-18,149,149,74,99,42,116,45,149
2017-01-19,149,149,74,101,40,116,45,149
2017-01-20,149,149,74,100,40,116,45,149
2017-01-23,149,149,74,99,40,116,45,149
2017-01-24,149,149,72,99,38,118,43,149
2017-01-25,149,149,74,97,38,119,44,149
2017-01-26,149,149,75,97,37,119,43,149
2017-01-27,149,149,73,98,36,94,43,149
2017-01-30,149,149,74,101,29,95,45,149
2017-01-31,149,149,73,103,46,96,44,149
2017-02-01,149,149,74,104,41,96,43,149
2017-02-02,149,149,74,103,43,96,44,149
2017-02-03,149,149,74,101,43,114,45,149
2017-02-06,149,149,74,102,44,113,44,149
2017-02-07,149,149,77,104,41,114,43,149
2017-02-08,149,149,76,104,41,113,43,149
2017-02-09,149,149,76,103,38,112,42,149
2017-02-10,149,149,77,102,40,113,43,149
2017-02-13,149,149,77,101,39,114,43,149
2017-02-14,149,149,77,101,41,114,43,149
2017-02-15,149,149,76,103,39,114,43,149
2017-02-16,149,149,77,101,40,114,43,149
